{"cameraMode":{"drawMode":0,"name":"Shaded","section":"Shading Mode"},"sceneLighting":true,"audioPlay":false,"sceneViewState":{"showFog":false,"showMaterialUpdate":false,"showSkybox":false,"showFlares":false,"showImageEffects":false,"showParticleSystems":false},"in2DMode":false,"pivot":{"x":-0.8985397219657898,"y":-0.18413254618644715,"z":-43.56288146972656},"rotation":{"x":0.060527291148900989,"y":-0.6614894270896912,"z":0.05369563773274422,"w":0.7455832362174988},"size":6.6951003074646,"orthographic":false}