{"cameraMode":{"drawMode":0,"name":"Shaded","section":"Shading Mode"},"sceneLighting":true,"audioPlay":false,"sceneViewState":{"showFog":false,"showMaterialUpdate":false,"showSkybox":false,"showFlares":false,"showImageEffects":false,"showParticleSystems":false},"in2DMode":false,"pivot":{"x":-18.111358642578126,"y":3.9537582397460939,"z":-18.910139083862306},"rotation":{"x":0.24917925894260407,"y":-0.6470593810081482,"z":0.2369280755519867,"w":0.6805132031440735},"size":134.37203979492188,"orthographic":false}