{"cameraMode":{"drawMode":0,"name":"Shaded","section":"Shading Mode"},"sceneLighting":false,"audioPlay":false,"sceneViewState":{"showFog":false,"showMaterialUpdate":false,"showSkybox":false,"showFlares":false,"showImageEffects":false,"showParticleSystems":false},"in2DMode":false,"pivot":{"x":-16.63307762145996,"y":-12.377431869506836,"z":-24.893033981323243},"rotation":{"x":-0.03272242099046707,"y":0.967024564743042,"z":-0.18949006497859956,"w":-0.16699209809303285},"size":62.043060302734378,"orthographic":false}