{"cameraMode":{"drawMode":0,"name":"Shaded","section":"Shading Mode"},"sceneLighting":false,"audioPlay":false,"sceneViewState":{"showFog":false,"showMaterialUpdate":false,"showSkybox":false,"showFlares":false,"showImageEffects":false,"showParticleSystems":false},"in2DMode":false,"pivot":{"x":0.9210390448570252,"y":-1.9276503324508668,"z":-8.624244689941407},"rotation":{"x":0.004663018509745598,"y":0.9952873587608337,"z":-0.07328888028860092,"w":0.06404521316289902},"size":13.41221809387207,"orthographic":false}