{"cameraMode":{"drawMode":0,"name":"Shaded","section":"Shading Mode"},"sceneLighting":true,"audioPlay":false,"sceneViewState":{"showFog":false,"showMaterialUpdate":false,"showSkybox":false,"showFlares":false,"showImageEffects":false,"showParticleSystems":false},"in2DMode":false,"pivot":{"x":-16.567811965942384,"y":-40.732757568359378,"z":-16.85779571533203},"rotation":{"x":0.22598278522491456,"y":-0.020167192444205285,"z":0.00467750383540988,"w":0.9739163517951965},"size":129.4151153564453,"orthographic":false}