{"cameraMode":{"drawMode":0,"name":"Shaded","section":"Shading Mode"},"sceneLighting":true,"audioPlay":false,"sceneViewState":{"showFog":false,"showMaterialUpdate":false,"showSkybox":false,"showFlares":false,"showImageEffects":false,"showParticleSystems":false},"in2DMode":false,"pivot":{"x":-207.32806396484376,"y":-0.7341585159301758,"z":32.75950622558594},"rotation":{"x":-0.06893883645534516,"y":0.7131193280220032,"z":-0.07083319127559662,"w":-0.6940881609916687},"size":51.14872741699219,"orthographic":false}