{"cameraMode":{"drawMode":0,"name":"Shaded","section":"Shading Mode"},"sceneLighting":false,"audioPlay":false,"sceneViewState":{"showFog":false,"showMaterialUpdate":false,"showSkybox":false,"showFlares":false,"showImageEffects":false,"showParticleSystems":false},"in2DMode":false,"pivot":{"x":-4.753905296325684,"y":-1.3762426376342774,"z":5.084530830383301},"rotation":{"x":-0.14399804174900056,"y":0.37093573808670046,"z":-0.05835968255996704,"w":-0.9156047105789185},"size":14.49099349975586,"orthographic":false}