{"cameraMode":{"drawMode":0,"name":"Shaded","section":"Shading Mode"},"sceneLighting":false,"audioPlay":false,"sceneViewState":{"showFog":false,"showMaterialUpdate":false,"showSkybox":false,"showFlares":false,"showImageEffects":false,"showParticleSystems":false},"in2DMode":false,"pivot":{"x":0.0,"y":-0.10000002384185791,"z":0.36000001430511477},"rotation":{"x":0.28519222140312197,"y":-0.04374895989894867,"z":0.012980420142412186,"w":0.9574360251426697},"size":4.482415676116943,"orthographic":false}