{"cameraMode":{"drawMode":0,"name":"Shaded","section":"Shading Mode"},"sceneLighting":true,"audioPlay":false,"sceneViewState":{"showFog":false,"showMaterialUpdate":false,"showSkybox":false,"showFlares":false,"showImageEffects":false,"showParticleSystems":false},"in2DMode":false,"pivot":{"x":5.62354040145874,"y":-4.492476463317871,"z":-0.608589768409729},"rotation":{"x":-0.21995127201080323,"y":-0.6578729748725891,"z":0.2100212723016739,"w":-0.6890453100204468},"size":13.101551055908204,"orthographic":false}