{"cameraMode":{"drawMode":0,"name":"Shaded","section":"Shading Mode"},"sceneLighting":true,"audioPlay":false,"sceneViewState":{"showFog":false,"showMaterialUpdate":false,"showSkybox":false,"showFlares":false,"showImageEffects":false,"showParticleSystems":false},"in2DMode":false,"pivot":{"x":3.9759769439697267,"y":48.9116096496582,"z":-47.370567321777347},"rotation":{"x":0.2673070430755615,"y":-0.07766509801149368,"z":0.02161554805934429,"w":0.9602420330047607},"size":13.235605239868164,"orthographic":false}