{"cameraMode":{"drawMode":0,"name":"Shaded","section":"Shading Mode"},"sceneLighting":false,"audioPlay":false,"sceneViewState":{"showFog":false,"showMaterialUpdate":false,"showSkybox":false,"showFlares":false,"showImageEffects":false,"showParticleSystems":false},"in2DMode":false,"pivot":{"x":-11.024471282958985,"y":-12.768311500549317,"z":-26.72052001953125},"rotation":{"x":-0.03272242099046707,"y":0.967024564743042,"z":-0.18949006497859956,"w":-0.16699209809303285},"size":36.73316955566406,"orthographic":false}