{"cameraMode":{"drawMode":0,"name":"Shaded","section":"Shading Mode"},"sceneLighting":true,"audioPlay":false,"sceneViewState":{"showFog":false,"showMaterialUpdate":false,"showSkybox":false,"showFlares":false,"showImageEffects":false,"showParticleSystems":false},"in2DMode":false,"pivot":{"x":113.68266296386719,"y":-22.153724670410158,"z":-4.893742561340332},"rotation":{"x":0.12573307752609254,"y":0.6706573367118836,"z":-0.1168496161699295,"w":0.7216404676437378},"size":187.34439086914063,"orthographic":false}