{"cameraMode":{"drawMode":0,"name":"Shaded","section":"Shading Mode"},"sceneLighting":false,"audioPlay":false,"sceneViewState":{"showFog":false,"showMaterialUpdate":false,"showSkybox":false,"showFlares":false,"showImageEffects":false,"showParticleSystems":false},"in2DMode":false,"pivot":{"x":0.0,"y":-0.10000002384185791,"z":0.36000001430511477},"rotation":{"x":-0.03272242099046707,"y":0.967024564743042,"z":-0.18949006497859956,"w":-0.16699209809303285},"size":4.482415676116943,"orthographic":false}