{"cameraMode":{"drawMode":0,"name":"Shaded","section":"Shading Mode"},"sceneLighting":true,"audioPlay":false,"sceneViewState":{"showFog":false,"showMaterialUpdate":false,"showSkybox":false,"showFlares":false,"showImageEffects":false,"showParticleSystems":false},"in2DMode":false,"pivot":{"x":276.87078857421877,"y":-87.65324401855469,"z":614.3082275390625},"rotation":{"x":-0.15334609150886537,"y":-0.08284085988998413,"z":0.01298060268163681,"w":-0.9846639037132263},"size":477.21197509765627,"orthographic":false}