{"cameraMode":{"drawMode":0,"name":"Shaded","section":"Shading Mode"},"sceneLighting":true,"audioPlay":false,"sceneViewState":{"showFog":false,"showMaterialUpdate":false,"showSkybox":false,"showFlares":false,"showImageEffects":false,"showParticleSystems":false},"in2DMode":false,"pivot":{"x":-6.249645233154297,"y":4.230589389801025,"z":-5.784921646118164},"rotation":{"x":-0.1686381846666336,"y":-0.37327587604522707,"z":0.06920235604047775,"w":-0.9096368551254273},"size":0.9902860522270203,"orthographic":false}