{"cameraMode":{"drawMode":0,"name":"Shaded","section":"Shading Mode"},"sceneLighting":true,"audioPlay":false,"sceneViewState":{"showFog":false,"showMaterialUpdate":false,"showSkybox":false,"showFlares":false,"showImageEffects":false,"showParticleSystems":false},"in2DMode":false,"pivot":{"x":-360.6463317871094,"y":-93.89178466796875,"z":185.7645263671875},"rotation":{"x":0.23872709274291993,"y":-0.21773836016654969,"z":0.05504227429628372,"w":0.9447926878929138},"size":260.2519836425781,"orthographic":false}