{"cameraMode":{"drawMode":0,"name":"Shaded","section":"Shading Mode"},"sceneLighting":true,"audioPlay":false,"sceneViewState":{"showFog":false,"showMaterialUpdate":false,"showSkybox":false,"showFlares":false,"showImageEffects":false,"showParticleSystems":false},"in2DMode":false,"pivot":{"x":-1.4953089952468873,"y":2.5586891174316408,"z":0.22191429138183595},"rotation":{"x":-0.10777701437473297,"y":0.07656966894865036,"z":-0.008325782604515553,"w":-0.9911878108978272},"size":15.699786186218262,"orthographic":false}