{"cameraMode":{"drawMode":0,"name":"Shaded","section":"Shading Mode"},"sceneLighting":true,"audioPlay":false,"sceneViewState":{"showFog":false,"showMaterialUpdate":false,"showSkybox":false,"showFlares":false,"showImageEffects":false,"showParticleSystems":false},"in2DMode":false,"pivot":{"x":-93.85098266601563,"y":-125.23683166503906,"z":120.12965393066406},"rotation":{"x":0.2554425597190857,"y":-0.220652773976326,"z":0.059996750205755237,"w":0.9394020438194275},"size":339.1988525390625,"orthographic":false}