{"cameraMode":{"drawMode":0,"name":"Shaded","section":"Shading Mode"},"sceneLighting":true,"audioPlay":false,"sceneViewState":{"showFog":false,"showMaterialUpdate":false,"showSkybox":false,"showFlares":false,"showImageEffects":false,"showParticleSystems":false},"in2DMode":false,"pivot":{"x":-26.203702926635743,"y":5.313014984130859,"z":48.8946418762207},"rotation":{"x":0.21951062977313996,"y":-0.20571434497833253,"z":0.04740279167890549,"w":0.9525055885314941},"size":123.57806396484375,"orthographic":false}