{"cameraMode":{"drawMode":0,"name":"Shaded","section":"Shading Mode"},"sceneLighting":true,"audioPlay":false,"sceneViewState":{"showFog":false,"showMaterialUpdate":false,"showSkybox":false,"showFlares":false,"showImageEffects":false,"showParticleSystems":false},"in2DMode":false,"pivot":{"x":5.800127029418945,"y":-20.108388900756837,"z":-78.85017395019531},"rotation":{"x":0.22452597320079804,"y":-0.15678097307682038,"z":0.0366213358938694,"w":0.9610849022865295},"size":67.01472473144531,"orthographic":false}