{"cameraMode":{"drawMode":0,"name":"Shaded","section":"Shading Mode"},"sceneLighting":true,"audioPlay":false,"sceneViewState":{"showFog":false,"showMaterialUpdate":false,"showSkybox":false,"showFlares":false,"showImageEffects":false,"showParticleSystems":false},"in2DMode":false,"pivot":{"x":-116.86285400390625,"y":-201.6318359375,"z":50.12736892700195},"rotation":{"x":-0.31763437390327456,"y":0.681408703327179,"z":-0.44403067231178286,"w":-0.48751452565193179},"size":330.2038269042969,"orthographic":false}