{"cameraMode":{"drawMode":0,"name":"Shaded","section":"Shading Mode"},"sceneLighting":false,"audioPlay":false,"sceneViewState":{"showFog":false,"showMaterialUpdate":false,"showSkybox":false,"showFlares":false,"showImageEffects":false,"showParticleSystems":false},"in2DMode":false,"pivot":{"x":-26.077823638916017,"y":10.649641036987305,"z":-120.70752716064453},"rotation":{"x":0.003427092218771577,"y":0.996594250202179,"z":-0.055367983877658847,"w":0.06136748567223549},"size":28.73459815979004,"orthographic":false}