{"cameraMode":{"drawMode":0,"name":"Shaded","section":"Shading Mode"},"sceneLighting":false,"audioPlay":false,"sceneViewState":{"showFog":false,"showMaterialUpdate":false,"showSkybox":false,"showFlares":false,"showImageEffects":false,"showParticleSystems":false},"in2DMode":false,"pivot":{"x":0.0,"y":-0.2999999523162842,"z":1.0800000429153443},"rotation":{"x":0.18874244391918183,"y":-0.6550697684288025,"z":0.17385457456111909,"w":0.7107316851615906},"size":13.447246551513672,"orthographic":false}