{"cameraMode":{"drawMode":0,"name":"Shaded","section":"Shading Mode"},"sceneLighting":false,"audioPlay":false,"sceneViewState":{"showFog":false,"showMaterialUpdate":false,"showSkybox":false,"showFlares":false,"showImageEffects":false,"showParticleSystems":false},"in2DMode":false,"pivot":{"x":-4.777935981750488,"y":-1.8594017028808594,"z":1.2262778282165528},"rotation":{"x":0.11836598068475723,"y":-0.6399481296539307,"z":0.10064413398504257,"w":0.7525588274002075},"size":9.923379898071289,"orthographic":false}