{"cameraMode":{"drawMode":0,"name":"Shaded","section":"Shading Mode"},"sceneLighting":true,"audioPlay":false,"sceneViewState":{"showFog":false,"showMaterialUpdate":false,"showSkybox":false,"showFlares":false,"showImageEffects":false,"showParticleSystems":false},"in2DMode":false,"pivot":{"x":-154.7845458984375,"y":-202.09024047851563,"z":200.08651733398438},"rotation":{"x":0.31089526414871218,"y":-0.3535287380218506,"z":0.12581153213977815,"w":0.8732829689979553},"size":1419.07275390625,"orthographic":false}