{"cameraMode":{"drawMode":0,"name":"Shaded","section":"Shading Mode"},"sceneLighting":true,"audioPlay":false,"sceneViewState":{"showFog":false,"showMaterialUpdate":false,"showSkybox":false,"showFlares":false,"showImageEffects":false,"showParticleSystems":false},"in2DMode":false,"pivot":{"x":-355.18414306640627,"y":-51.17301559448242,"z":43.07158660888672},"rotation":{"x":0.09291955083608628,"y":-0.7171409726142883,"z":0.0973757803440094,"w":0.6838574409484863},"size":98.7661361694336,"orthographic":false}