{"cameraMode":{"drawMode":0,"name":"Shaded","section":"Shading Mode"},"sceneLighting":true,"audioPlay":false,"sceneViewState":{"showFog":false,"showMaterialUpdate":false,"showSkybox":false,"showFlares":false,"showImageEffects":false,"showParticleSystems":false},"in2DMode":false,"pivot":{"x":-25.04153823852539,"y":22.209117889404298,"z":-32.976348876953128},"rotation":{"x":-0.15584000945091248,"y":0.5390791296958923,"z":-0.10227920860052109,"w":-0.8213818669319153},"size":78.2808837890625,"orthographic":false}